Date,Open,High,Low,Close,chance_price,percent_change,Volume
2024-05-21,48100,48200,47050,47200,-1000,-0.02,11258500
2024-05-20,48442.45,48975.86,48054.53,48200,-50,0,11449601
2024-05-17,48248.49,48490.95,48151.51,48248.49,-150,0,6610750
2024-05-16,47036.22,48442.45,46939.24,48393.96,1800,0.04,21363102
2024-05-15,46454.33,46696.78,46308.85,46648.29,200,0,10026100
2024-05-14,46987.73,46987.73,46405.84,46454.33,-500,-0.01,8835800
2024-05-13,47036.22,47181.69,46551.31,46939.24,-100,0,12644800
2024-05-10,47327.16,47327.16,46454.33,47036.22,50,0,7979300
2024-05-09,47133.2,47424.14,46357.34,46987.73,250,0.01,11035237
2024-05-08,46454.33,47715.09,45872.43,46745.27,300,0.01,15386300
2024-05-07,46890.74,46890.74,46260.36,46454.33,-450,-0.01,10341800
2024-05-06,47036.22,47230.18,46454.33,46890.74,150,0,13377500
2024-05-03,46066.4,47327.16,45969.42,46745.27,1350,0.03,14679567
2024-05-02,45387.53,45533,44951.11,45436.02,250,0.01,4507700
2024-04-26,44611.67,45484.51,44272.23,45193.56,450,0.01,10536390
2024-04-25,45581.49,45581.49,44417.71,44757.14,-850,-0.02,9235596
2024-04-24,45387.53,45629.98,44999.6,45581.49,800,0.02,10845831
2024-04-23,44126.76,46066.4,44126.76,44805.63,950,0.02,16462900
2024-04-22,43981.29,44320.72,43544.87,43884.31,750,0.02,7066300
2024-04-19,42672.03,43302.41,42041.65,43156.94,-350,-0.01,15127400
2024-04-17,44126.76,44223.74,43302.41,43496.38,-650,-0.01,9203000
2024-04-16,43593.36,44126.76,42866,44126.76,1100,0.02,15771800
2024-04-15,45775.45,46017.91,42866,43059.96,-3000,-0.06,16220800
2024-04-12,44078.27,46017.91,43738.83,45969.42,2300,0.05,14342300
2024-04-11,43690.34,44272.23,43593.36,43738.83,-550,-0.01,14375200
2024-04-10,44611.67,45387.53,44223.74,44272.23,-150,0,7862900
2024-04-09,44126.76,44417.71,43835.81,44417.71,300,0.01,5734200
2024-04-08,43641.85,44466.2,43544.87,44126.76,300,0.01,10689400
2024-04-05,44126.76,44514.69,43787.32,43835.81,-800,-0.02,14385600
2024-04-04,45096.58,45339.03,44563.18,44611.67,-800,-0.02,11082712
2024-04-03,45969.42,46502.82,45387.53,45387.53,-850,-0.02,14928700
2024-04-02,46163.38,46551.31,45581.49,46211.87,200,0,28943770
2024-04-01,46114.89,46260.36,45436.02,46017.91,-100,0,11181000
2024-03-29,46502.82,46696.78,46114.89,46114.89,-450,-0.01,9046100
2024-03-28,47230.18,47230.18,46260.36,46551.31,2450,0.05,31095100
2024-03-27,44805.63,44805.63,43738.83,44175.25,-400,-0.01,5976700
2024-03-26,43447.89,44805.63,43156.94,44563.18,1150,0.03,10522020
2024-03-25,44223.74,44999.6,42817.51,43447.89,-100,0,15385900
2024-03-22,44126.76,44126.76,42720.52,43544.87,-200,0,14213201
2024-03-21,41314.29,43738.83,41314.29,43738.83,2800,0.07,19640600
2024-03-20,39180.68,41168.81,38841.25,41023.34,2000,0.05,18239500
2024-03-19,38986.72,39180.68,38404.83,39083.7,200,0,5943900
2024-03-18,39956.54,39956.54,38210.87,38889.74,-1300,-0.03,15643100
2024-03-15,40005.03,40392.96,39180.68,40150.5,0,0,7540800
2024-03-14,40829.38,40829.38,40005.03,40150.5,-600,-0.01,7845500
2024-03-13,39956.54,40732.39,39714.08,40732.39,800,0.02,20370300
2024-03-12,39132.19,40053.52,38889.74,39956.54,800,0.02,8877100
2024-03-11,39665.59,39956.54,38695.77,39180.68,-600,-0.01,11381600
2024-03-08,41168.81,41314.29,39762.58,39762.58,-1600,-0.04,22687300
2024-03-07,41556.74,41993.16,41120.32,41314.29,-150,0,7986600
2024-03-06,40780.89,42187.12,40538.43,41459.76,550,0.01,14401800
2024-03-05,40538.43,40926.36,40150.5,40926.36,350,0.01,8545500
2024-03-04,40489.94,40926.36,40102.01,40586.92,0,0,9481800
2024-03-01,40441.45,40586.92,40005.03,40586.92,-350,-0.01,12690100
2024-02-29,41168.81,41168.81,40102.01,40926.36,0,0,12513100
2024-02-28,40780.89,41071.83,40295.98,40926.36,250,0.01,8417600
2024-02-27,40150.5,40683.9,39762.58,40683.9,750,0.02,9845001
2024-02-26,38986.72,40247.48,38986.72,39956.54,1100,0.03,12975800
2024-02-23,39520.12,41071.83,38792.76,38889.74,-200,0,25428600
2024-02-22,37822.94,39132.19,37774.45,39083.7,1300,0.03,12753200
2024-02-21,37580.48,38162.37,37435.01,37822.94,100,0,15286200
2024-02-20,37628.97,37822.94,37338.03,37725.96,0,0,12296200
2024-02-19,37386.52,37871.43,37289.54,37725.96,400,0.01,16794301
2024-02-16,37338.03,37531.99,36756.14,37338.03,100,0,8418830
2024-02-15,36368.21,37774.45,36319.72,37241.05,1100,0.03,15968500
2024-02-07,34719.52,36174.25,34719.52,36174.25,1650,0.05,12522200
2024-02-06,34574.04,35107.44,34525.55,34574.04,150,0,4271900
2024-02-05,33410.26,34913.48,33361.77,34428.57,1350,0.04,10088900
2024-02-02,32973.84,33410.26,32973.84,33119.32,0,0,9735169
2024-02-01,33410.26,33604.23,32973.84,33119.32,-400,-0.01,10924100
2024-01-31,34137.63,34186.12,33361.77,33507.24,-650,-0.02,9833332
2024-01-30,34040.64,34186.12,33652.72,34137.63,-50,0,5823800
2024-01-29,34380.08,34574.04,34137.63,34186.12,-150,0,7209100
2024-01-26,33992.15,34428.57,33943.66,34331.59,400,0.01,3502200
2024-01-25,34186.12,34186.12,33846.68,33943.66,-250,-0.01,5597400
2024-01-24,34186.12,34477.06,34186.12,34186.12,-200,-0.01,4103000
2024-01-23,34428.57,34913.48,34331.59,34380.08,500,0.01,14222900
2024-01-22,34234.61,34234.61,33652.72,33895.17,0,0,5755900
2024-01-19,33555.73,34089.13,33458.75,33895.17,550,0.02,8298400
2024-01-18,33216.3,33555.73,33022.33,33361.77,350,0.01,6235400
2024-01-17,33119.32,33604.23,32973.84,33022.33,-100,0,5116201
2024-01-16,33070.82,33167.81,32779.88,33119.32,-150,0,6462900
2024-01-15,33652.72,33749.7,33264.79,33264.79,-350,-0.01,6948100
2024-01-12,32828.37,33652.72,32537.42,33604.23,500,0.01,11986800
2024-01-11,33264.79,33555.73,32779.88,33119.32,-250,-0.01,10797500
2024-01-10,33507.24,33652.72,33216.3,33361.77,-100,0,7474800
2024-01-09,32973.84,33458.75,32779.88,33458.75,400,0.01,7835500
2024-01-08,32488.93,33119.32,32343.46,33070.82,900,0.03,12433800
2024-01-05,32101.01,32391.95,32004.02,32197.99,100,0,3569900
2024-01-04,31616.1,32634.41,31567.61,32101.01,500,0.02,12498900
2024-01-03,30937.22,31616.1,30888.73,31616.1,500,0.02,6115500
2024-01-02,30937.22,31276.66,30840.24,31131.19,300,0.01,9675101
2023-12-29,30743.26,30985.71,30549.3,30840.24,300,0.01,4698200
2023-12-28,29967.4,30694.77,29967.4,30549.3,650,0.02,8714400
2023-12-27,29918.91,30209.86,29918.91,29918.91,50,0,10495600
2023-12-26,29918.91,30064.39,29821.93,29870.42,-150,0,4811958
2023-12-25,29870.42,30064.39,29676.46,30015.9,350,0.01,2592700
2023-12-22,29579.48,29870.42,29530.99,29676.46,-50,0,6112300
2023-12-21,29385.51,29724.95,29240.04,29724.95,300,0.01,2817084
2023-12-20,29385.51,29627.97,29240.04,29434,-250,-0.01,9530022
2023-12-19,29094.57,29676.46,28900.6,29676.46,550,0.02,2189500
2023-12-18,29676.46,29724.95,29143.06,29143.06,-550,-0.02,27007000
2023-12-15,29627.97,29870.42,29482.49,29676.46,50,0,2263100
2023-12-14,29870.42,29918.91,29627.97,29627.97,50,0,21807200
2023-12-13,30209.86,30209.86,29579.48,29579.48,-550,-0.02,7513000
2023-12-12,29918.91,30112.88,29821.93,30112.88,200,0.01,38667700
2023-12-11,30015.9,30064.39,29724.95,29918.91,-100,0,6438500
2023-12-08,29918.91,30064.39,29676.46,30015.9,100,0,32080286
2023-12-07,29627.97,30112.88,29385.51,29918.91,450,0.01,7894300
2023-12-06,29094.57,29579.48,29094.57,29482.49,350,0.01,36631003
2023-12-05,29337.02,29385.51,28997.59,29143.06,-150,0,8053500
2023-12-04,28900.6,29579.48,28900.6,29288.53,450,0.02,23531001
2023-12-01,28706.64,28949.09,28464.19,28852.11,250,0.01,10030310
2023-11-30,28852.11,29143.06,28609.66,28609.66,-400,-0.01,21501667
2023-11-29,28997.59,29385.51,28706.64,28997.59,-50,0,3808700
2023-11-28,28415.69,29046.08,27930.78,29046.08,650,0.02,33980300
2023-11-27,29046.08,29046.08,28415.69,28415.69,-750,-0.02,3115170
2023-11-24,29434,29676.46,28561.17,29143.06,-350,-0.01,20532600
2023-11-23,30258.35,30355.33,29482.49,29482.49,-550,-0.02,5988602
2023-11-22,29967.4,30064.39,29724.95,30015.9,150,0,7286200
2023-11-21,30403.82,30403.82,29870.42,29870.42,-200,-0.01,3972000
2023-11-20,29579.48,30306.84,29530.99,30064.39,-150,0,9756400
2023-11-17,30743.26,30985.71,29773.44,30209.86,-550,-0.02,5427600
2023-11-16,30549.3,30840.24,30549.3,30743.26,150,0,8787900
2023-11-15,31034.21,31228.17,30549.3,30597.79,50,0,3671500
2023-11-14,30209.86,30791.75,29967.4,30549.3,600,0.02,8863701
2023-11-13,30355.33,30355.33,29724.95,29967.4,-150,0,4832300
2023-11-10,30258.35,30549.3,29773.44,30112.88,-450,-0.01,5654300
2023-11-09,30888.73,30985.71,30355.33,30549.3,-300,-0.01,4253500
2023-11-08,29676.46,30937.22,29288.53,30840.24,1200,0.04,4180400
2023-11-07,29676.46,30015.9,29530.99,29676.46,-400,-0.01,7510200
2023-11-06,29870.42,30064.39,29385.51,30064.39,0,0,3551401
2023-11-03,29046.08,30064.39,28658.15,30064.39,1650,0.06,8122701
2023-11-02,27930.78,28706.64,27639.84,28464.19,1150,0.04,4755900
2023-11-01,27445.88,27591.35,26621.53,27348.89,500,0.02,4760300
2023-10-31,27348.89,27639.84,26379.07,26863.98,-400,-0.01,7146400
2023-10-30,28318.71,28367.2,27251.91,27251.91,-1450,-0.05,13042400
2023-10-27,29094.57,29482.49,28221.73,28658.15,-250,-0.01,7556032
2023-10-26,29870.42,30015.9,28318.71,28900.6,-1400,-0.04,8302000
2023-10-25,30258.35,30646.28,30258.35,30258.35,-150,0,2422800
2023-10-24,30403.82,30840.24,30112.88,30403.82,450,0.01,5764400
2023-10-23,30161.37,30549.3,29579.48,29967.4,-200,-0.01,7762400
2023-10-20,29773.44,30452.31,29627.97,30161.37,450,0.01,4241600
2023-10-19,30306.84,30452.31,29724.95,29724.95,-600,-0.02,4644100
2023-10-18,30791.75,30840.24,30064.39,30306.84,-500,-0.02,5367400
2023-10-17,30985.71,31228.17,30791.75,30791.75,-50,0,3691900
2023-10-16,31082.7,31325.15,30840.24,30840.24,-400,-0.01,3236501
2023-10-13,31422.13,31470.62,31034.21,31228.17,-300,-0.01,2567100
2023-10-12,31713.08,31858.55,31519.11,31519.11,-100,0,3654200
2023-10-11,31664.59,31664.59,31325.15,31616.1,100,0,5099800
2023-10-10,31325.15,31664.59,31276.66,31519.11,400,0.01,4449800
2023-10-09,31131.19,31179.68,30937.22,31131.19,50,0,4452000
2023-10-06,30791.75,31276.66,30646.28,31082.7,250,0.01,4234001
2023-10-05,31373.64,31616.1,30840.24,30840.24,-450,-0.01,6684100
2023-10-04,31276.66,31664.59,31034.21,31276.66,-250,-0.01,3019749
2023-10-03,31907.04,31907.04,30937.22,31519.11,-650,-0.02,8787900
2023-10-02,32634.41,32634.41,32004.02,32149.5,-500,-0.01,8128202
2023-09-29,32488.93,32682.9,32101.01,32634.41,0,0,3095120
2023-09-28,31616.1,32876.86,30888.73,32634.41,1050,0.03,6603381
2023-09-27,31276.66,31616.1,31276.66,31616.1,200,0.01,4000812
2023-09-26,31810.06,32004.02,31422.13,31422.13,-400,-0.01,6317299
2023-09-25,32973.84,33167.81,31761.57,31810.06,-1200,-0.04,5156978
2023-09-22,32925.35,33216.3,32391.95,32973.84,-300,-0.01,12694590
2023-09-21,33313.28,33458.75,32973.84,33264.79,-50,0,6999832
2023-09-20,32876.86,33458.75,32828.37,33313.28,450,0.01,5220014
2023-09-19,33264.79,33313.28,32779.88,32876.86,-200,-0.01,16640722
2023-09-18,33798.19,33943.66,32973.84,33070.82,-800,-0.02,23416657
2023-09-15,34040.64,34428.57,33846.68,33846.68,0,0,8669371
2023-09-14,34040.64,34671.03,33846.68,33846.68,-100,0,7875756
2023-09-13,34331.59,34380.08,33798.19,33943.66,-300,-0.01,6537671
2023-09-12,33507.24,34234.61,33361.77,34234.61,750,0.02,20563256
2023-09-11,34525.55,34525.55,33410.26,33507.24,-800,-0.02,11825704
2023-09-08,34768.01,34816.5,34283.1,34283.1,-400,-0.01,50488650
2023-09-07,34186.12,35058.95,34040.64,34671.03,550,0.02,9232017
2023-09-06,33992.15,34283.1,33798.19,34137.63,200,0.01,7869410
2023-09-05,33749.7,34089.13,33701.21,33943.66,500,0.01,45578080
2023-08-31,33070.82,33458.75,33070.82,33458.75,500,0.01,4121703
2023-08-30,32973.84,33264.79,32876.86,32973.84,100,0,4288504
2023-08-29,32973.84,33216.3,32731.39,32876.86,-100,0,8887312
2023-08-28,32828.37,33070.82,32585.92,32973.84,350,0.01,4084357
2023-08-25,32682.9,32828.37,32391.95,32634.41,-150,0,5298240
2023-08-24,32488.93,32925.35,32391.95,32779.88,600,0.02,5896068
2023-08-23,32973.84,33167.81,32197.99,32197.99,100,0,9601363
2023-08-22,31761.57,32101.01,30937.22,32101.01,350,0.01,19389151
2023-08-21,31519.11,31955.53,31131.19,31761.57,250,0.01,5605922
2023-08-18,33507.24,33507.24,31470.62,31519.11,-2200,-0.06,13569921
2023-08-17,34234.61,34234.61,33652.72,33652.72,-600,-0.02,8058795
2023-08-16,32973.84,34283.1,32925.35,34234.61,1250,0.04,16230116
2023-08-15,32876.86,33361.77,32828.37,33022.33,250,0.01,4652930
2023-08-14,32731.39,32779.88,32440.44,32779.88,150,0,5118601
2023-08-11,32537.42,32779.88,32101.01,32634.41,150,0,5978710
2023-08-10,32973.84,33022.33,32488.93,32488.93,-500,-0.01,6276126
2023-08-09,33022.33,33167.81,32779.88,32973.84,0,0,5138624
2023-08-08,33361.77,33458.75,32925.35,32973.84,-350,-0.01,6450455
2023-08-07,33167.81,33410.26,32973.84,33313.28,750,0.02,6217926
2023-08-04,32634.41,33167.81,32440.44,32585.92,100,0,13250555
2023-08-03,32973.84,33022.33,32488.93,32488.93,-400,-0.01,4707605
2023-08-02,32876.86,33070.82,32731.39,32876.86,-100,0,5571570
2023-08-01,33555.73,33555.73,32973.84,32973.84,-300,-0.01,9724685
2023-07-31,33070.82,33555.73,32973.84,33264.79,500,0.01,7942073
2023-07-28,32052.52,32779.88,32004.02,32779.88,700,0.02,10561221
2023-07-27,32343.46,32440.44,31713.08,32101.01,-350,-0.01,8128224
2023-07-26,32488.93,32537.42,32197.99,32440.44,-50,0,8183387
2023-07-25,31810.06,32779.88,31713.08,32488.93,1050,0.03,13503325
2023-07-24,31470.62,31519.11,31179.68,31470.62,-50,0,8763617
2023-07-21,30888.73,31325.15,30888.73,31325.15,400,0.01,5299433
2023-07-20,31422.13,31422.13,30840.24,30937.22,-400,-0.01,5672297
2023-07-19,31664.59,31907.04,31276.66,31325.15,0,0,7243667
2023-07-18,30937.22,31325.15,30840.24,31325.15,400,0.01,8522072
2023-07-17,31131.19,31131.19,30840.24,30937.22,-50,0,7475283
2023-07-14,31228.17,31228.17,30743.26,30985.71,0,0,4658332
2023-07-13,30743.26,31034.21,30694.77,30985.71,300,0.01,8552666
2023-07-12,30937.22,31034.21,30646.28,30694.77,-300,-0.01,7080349
2023-07-11,31228.17,31373.64,30985.71,30985.71,-50,0,5801267
2023-07-10,31034.21,31131.19,30743.26,31034.21,450,0.01,6769551
2023-07-07,30549.3,30840.24,30355.33,30597.79,0,0,3419366
2023-07-06,30985.71,31082.7,30258.35,30597.79,-400,-0.01,6751249
2023-07-05,31179.68,31422.13,30985.71,30985.71,-50,0,16601966
2023-07-04,31034.21,31131.19,30888.73,31034.21,0,0,5381749
2023-07-03,31713.08,31713.08,31034.21,31034.21,-350,-0.01,4321484
2023-06-30,31664.59,31810.06,31373.64,31373.64,-300,-0.01,2763249
2023-06-29,32294.97,32391.95,31664.59,31664.59,-650,-0.02,3912183
2023-06-28,31955.53,32294.97,31761.57,32294.97,350,0.01,4654832
2023-06-27,32294.97,32391.95,31907.04,31955.53,-350,-0.01,4014085
2023-06-26,31907.04,32294.97,31567.61,32294.97,400,0.01,4296332
2023-06-23,31664.59,32246.48,31567.61,31907.04,300,0.01,7792983
2023-06-22,31907.04,32149.5,31616.1,31616.1,100,0,7451949
2023-06-21,31179.68,31519.11,31131.19,31519.11,350,0.01,6065966
2023-06-20,31228.17,31276.66,30985.71,31179.68,50,0,5691950
2023-06-19,31567.61,31567.61,30985.71,31131.19,-450,-0.01,9057466
2023-06-16,31664.59,32440.44,31519.11,31567.61,-100,0,8283149
2023-06-15,31616.1,31907.04,31422.13,31664.59,50,0,4092466
2023-06-14,32004.02,32440.44,31567.61,31616.1,-200,-0.01,9898534
2023-06-13,31713.08,31907.04,31422.13,31810.06,100,0,19778035
2023-06-12,31276.66,31858.55,30937.22,31713.08,300,0.01,5536534
2023-06-09,30840.24,31519.11,30646.28,31422.13,650,0.02,12590934
2023-06-08,31713.08,31761.57,30791.75,30791.75,-850,-0.03,6363634
2023-06-07,31567.61,31761.57,31228.17,31616.1,-100,0,8905234
2023-06-06,30937.22,31713.08,30791.75,31713.08,800,0.03,8438000
2023-06-05,31470.62,31810.06,30937.22,30937.22,-300,-0.01,7139202
2023-06-02,29870.42,31228.17,29773.44,31228.17,1900,0.06,21363132
2023-06-01,29094.57,29385.51,28852.11,29385.51,350,0.01,11750300
2023-05-31,29288.53,29385.51,28997.59,29046.08,-250,-0.01,9329001
2023-05-30,29482.49,29530.99,29094.57,29288.53,0,0,8494200
2023-05-29,29094.57,29288.53,28900.6,29288.53,300,0.01,2867401
2023-05-26,28997.59,29046.08,28755.13,28997.59,100,0,1947900
2023-05-25,28900.6,28997.59,28706.64,28900.6,0,0,2773800
2023-05-24,29482.49,29627.97,28852.11,28900.6,-550,-0.02,17254201
2023-05-23,29773.44,29773.44,29094.57,29434,-150,0,4307400
2023-05-22,28803.62,29676.46,28803.62,29579.48,850,0.03,10641400
2023-05-19,28658.15,28852.11,28367.2,28755.13,100,0,5171034
2023-05-18,28367.2,28803.62,28367.2,28658.15,300,0.01,6128900
2023-05-17,28803.62,28997.59,28367.2,28367.2,-550,-0.02,9071000
2023-05-16,29191.55,29191.55,28852.11,28900.6,-100,0,4229000
2023-05-15,28561.17,29240.04,28512.68,28997.59,600,0.02,11455500
2023-05-12,28221.73,28415.69,28124.75,28415.69,200,0.01,3338600
2023-05-11,28609.66,28609.66,28221.73,28221.73,-200,-0.01,2752600
2023-05-10,28464.19,28512.68,28221.73,28415.69,0,0,5934400
2023-05-09,28561.17,28609.66,28173.24,28415.69,-100,0,2792601
2023-05-08,28027.77,28512.68,27833.8,28512.68,700,0.02,6278300
2023-05-05,28173.24,28318.71,27591.35,27833.8,-350,-0.01,5652600
2023-05-04,28609.66,28609.66,28027.77,28173.24,-450,-0.02,3471201
2023-04-28,29046.08,29046.08,28609.66,28609.66,-400,-0.01,4883400
2023-04-27,29288.53,29288.53,28949.09,28997.59,-100,0,2747200
2023-04-26,28318.71,29094.57,27979.28,29094.57,1000,0.03,7225600
2023-04-25,28755.13,28949.09,28124.75,28124.75,-500,-0.02,6045500
2023-04-24,27833.8,28852.11,27785.31,28609.66,800,0.03,3648700
2023-04-21,28124.75,28124.75,27833.8,27833.8,-150,-0.01,3679800
2023-04-20,28027.77,28124.75,27688.33,27979.28,-150,-0.01,7730700
2023-04-19,28318.71,28512.68,28124.75,28124.75,-150,-0.01,6378100
2023-04-18,28512.68,28512.68,28027.77,28270.22,-300,-0.01,4615500
2023-04-17,28124.75,28561.17,27882.29,28561.17,550,0.02,7112500
2023-04-14,29288.53,29482.49,28027.77,28027.77,-1300,-0.04,10775000
2023-04-13,29676.46,30015.9,29288.53,29288.53,-500,-0.02,4157900
2023-04-12,29482.49,30015.9,29191.55,29773.44,300,0.01,5451200
2023-04-11,29288.53,29482.49,28706.64,29482.49,200,0.01,7344100
2023-04-10,28755.13,29870.42,28706.64,29288.53,650,0.02,11709100
2023-04-07,28755.13,28803.62,28512.68,28658.15,-50,0,5159200
2023-04-06,28464.19,29288.53,28464.19,28706.64,100,0,8106400
2023-04-05,28512.68,28706.64,28318.71,28609.66,0,0,5029800
2023-04-04,28415.69,28609.66,28173.24,28609.66,200,0.01,10507300
2023-04-03,28124.75,28464.19,27833.8,28415.69,950,0.03,15664200
2023-03-31,26960.97,27542.86,26960.97,27494.37,650,0.02,11350300
2023-03-30,27494.37,27639.84,26863.98,26863.98,-300,-0.01,5363333
2023-03-29,26718.51,27445.88,26670.02,27154.93,450,0.02,6627400
2023-03-28,25894.16,26863.98,25894.16,26718.51,1050,0.04,9620000
2023-03-27,25651.71,25894.16,25554.73,25700.2,50,0,2130100
2023-03-24,25603.22,25894.16,25506.24,25651.71,250,0.01,5385840
2023-03-23,25409.26,25554.73,25069.82,25409.26,0,0,3519000
2023-03-22,25651.71,25797.18,25409.26,25409.26,-150,-0.01,9947600
2023-03-21,25700.2,25797.18,25312.27,25554.73,100,0,6702200
2023-03-20,25700.2,25797.18,25457.75,25457.75,-400,-0.02,14354800
2023-03-17,25991.15,26282.09,25797.18,25845.67,-100,0,4064800
2023-03-16,26088.13,26136.62,25554.73,25942.66,-450,-0.02,8230600
2023-03-15,25991.15,26573.04,25991.15,26379.07,900,0.03,4767800
2023-03-14,25845.67,25942.66,25506.24,25506.24,-450,-0.02,4041500
2023-03-13,25748.69,26136.62,25748.69,25942.66,-400,-0.01,44346900
2023-03-10,26670.02,26767,26185.11,26330.58,-650,-0.02,2129800
2023-03-09,26670.02,27009.46,26379.07,26960.97,500,0.02,4815700
2023-03-08,26088.13,26573.04,25991.15,26476.06,200,0.01,2665300
2023-03-07,26379.07,26670.02,26233.6,26282.09,-100,0,2394300
2023-03-06,26185.11,26621.53,25894.16,26379.07,400,0.01,7133900
2023-03-03,26379.07,26524.55,25748.69,25991.15,-400,-0.01,4075400
2023-03-02,26718.51,26767,26185.11,26379.07,-100,0,1759900
2023-03-01,25409.26,26524.55,25263.78,26476.06,800,0.03,2204200
2023-02-28,26185.11,26379.07,25700.2,25700.2,-500,-0.02,3579100
2023-02-27,26379.07,26379.07,25797.18,26185.11,-250,-0.01,6952000
2023-02-24,27106.44,27106.44,26330.58,26427.57,-700,-0.03,4716300
2023-02-23,26670.02,27106.44,26185.11,27106.44,450,0.02,5915400
2023-02-22,27203.42,27300.4,26670.02,26670.02,-900,-0.03,19065000
2023-02-21,27736.82,28076.26,27494.37,27542.86,-200,-0.01,7120900
2023-02-20,26912.47,27736.82,26863.98,27736.82,800,0.03,5999900
2023-02-17,26912.47,26960.97,26670.02,26960.97,-100,0,2813300
2023-02-16,26767,27057.95,26379.07,27057.95,500,0.02,2332700
2023-02-15,26039.64,26767,25797.18,26573.04,550,0.02,2633000
2023-02-14,25700.2,26573.04,25700.2,26039.64,250,0.01,3279800
2023-02-13,26039.64,26088.13,25554.73,25797.18,-350,-0.01,4041200
2023-02-10,26524.55,26670.02,26088.13,26136.62,-350,-0.01,4529000
2023-02-09,26863.98,27009.46,26476.06,26476.06,-550,-0.02,3782300
2023-02-08,26670.02,27106.44,26573.04,27009.46,450,0.02,8609000
2023-02-07,27106.44,27203.42,26573.04,26573.04,-550,-0.02,6538400
2023-02-06,26282.09,27154.93,26233.6,27106.44,850,0.03,6403300
2023-02-03,27251.91,27348.89,26282.09,26282.09,-900,-0.03,7923000
2023-02-02,27348.89,27542.86,26767,27154.93,-200,-0.01,4715200
2023-02-01,28609.66,28609.66,27154.93,27348.89,-1200,-0.04,7914500
2023-01-31,27785.31,28512.68,27203.42,28512.68,700,0.02,6369400
2023-01-30,28173.24,28173.24,27688.33,27833.8,-350,-0.01,6458000
2023-01-27,28464.19,28803.62,28124.75,28173.24,-50,0,5539200
2023-01-19,27979.28,28415.69,27979.28,28221.73,0,0,10303400
2023-01-18,28221.73,28270.22,28027.77,28221.73,100,0,10091290
2023-01-17,27542.86,28415.69,27494.37,28124.75,900,0.03,8423900
2023-01-16,27009.46,27251.91,26815.49,27251.91,300,0.01,15054600
2023-01-13,27057.95,27445.88,26960.97,26960.97,-50,0,2810200
2023-01-12,26815.49,27106.44,26767,27009.46,200,0.01,3527200
2023-01-11,26621.53,27154.93,26476.06,26815.49,200,0.01,3443800
2023-01-10,26912.47,27154.93,26476.06,26621.53,-300,-0.01,2696200
2023-01-09,26960.97,27106.44,26767,26912.47,50,0,7487700
2023-01-06,26621.53,27542.86,26476.06,26863.98,50,0,7860900
2023-01-05,26476.06,26960.97,26330.58,26815.49,350,0.01,7837800
2023-01-04,26621.53,26960.97,26427.57,26476.06,-150,-0.01,6592300
2023-01-03,24972.84,26621.53,24972.84,26621.53,1600,0.06,3786800
2022-12-30,25166.8,25312.27,25069.82,25069.82,-100,0,5502900
2022-12-29,25312.27,25506.24,24972.84,25166.8,-145,-0.01,3579700
2022-12-28,25312.27,25651.71,24972.84,25360.76,48,0,7574400
2022-12-27,24827.36,25506.24,24633.4,25506.24,679,0.03,5638200
2022-12-26,26427.57,26573.04,24924.35,24924.35,-1503,-0.06,7563600
2022-12-23,26863.98,27057.95,26136.62,26767,-97,0,3614700
2022-12-22,26912.47,27542.86,26427.57,26863.98,-48,0,7861900
2022-12-21,27203.42,27348.89,25506.24,26863.98,-339,-0.01,7533300
2022-12-20,28124.75,28367.2,26427.57,26863.98,-1261,-0.04,20707600
2022-12-19,28270.22,29724.95,28173.24,28367.2,97,0,10027200
2022-12-16,28124.75,28415.69,27736.82,28270.22,145,0.01,11957180
2022-12-15,27930.78,28658.15,27736.82,28609.66,679,0.02,7837800
2022-12-14,28609.66,28803.62,27930.78,27930.78,-679,-0.02,12774600
2022-12-13,26379.07,27930.78,26185.11,27930.78,1552,0.06,7677900
2022-12-12,27397.38,27688.33,26379.07,26379.07,-1018,-0.04,36553600
2022-12-09,27591.35,27639.84,26863.98,27397.38,-194,-0.01,5605400
2022-12-08,25991.15,27348.89,25700.2,27348.89,1358,0.05,14554300
2022-12-07,26185.11,26330.58,25166.8,25603.22,-582,-0.02,7114400
2022-12-06,27930.78,28124.75,26185.11,26233.6,-1697,-0.06,14950500
2022-12-05,28609.66,28900.6,27930.78,28124.75,-485,-0.02,8466100
2022-12-02,26185.11,28124.75,26039.64,27930.78,1746,0.07,19196200
2022-12-01,25457.75,26863.98,25457.75,26573.04,1115,0.04,18858500
2022-11-30,24439.44,25118.31,24196.98,25118.31,679,0.03,8860700
2022-11-29,24196.98,24827.36,23615.09,24439.44,242,0.01,8376400
2022-11-28,22596.78,23857.55,22548.29,23857.55,1261,0.06,11231600
2022-11-25,21675.45,22305.84,21529.98,22305.84,630,0.03,5771200
2022-11-24,21336.02,21529.98,20851.11,21481.49,145,0.01,7841500
2022-11-23,21336.02,21723.94,21045.07,21336.02,0,0,4018800
2022-11-22,21384.51,22354.33,21190.54,21190.54,-194,-0.01,9448800
2022-11-21,21966.4,22402.82,21578.47,21578.47,-388,-0.02,8879400
2022-11-18,22160.36,22645.27,21142.05,22014.89,-145,-0.01,7624800
2022-11-17,22014.89,22354.33,21529.98,22257.34,242,0.01,6746300
2022-11-16,18717.51,21433,18717.51,21433,2715,0.15,24110600
2022-11-15,21384.51,21384.51,20026.76,20075.25,-1309,-0.06,10943000
2022-11-14,21529.98,21723.94,20657.14,21529.98,0,0,6788500
2022-11-11,22790.74,23227.16,22111.87,22111.87,-679,-0.03,5479500
2022-11-10,23275.65,23372.64,21966.4,22063.38,-1212,-0.05,14039707
2022-11-09,23760.56,24342.45,23469.62,23615.09,-145,-0.01,4135200
2022-11-08,23033.2,24148.49,22305.84,23421.13,388,0.02,14488600
2022-11-07,24681.89,25021.33,23033.2,23033.2,-1649,-0.07,10925200
2022-11-04,24245.47,24730.38,23324.14,24730.38,485,0.02,17410200
2022-11-03,23906.04,25069.82,23906.04,25069.82,1164,0.05,8948000
2022-11-02,24924.35,25021.33,24293.96,24439.44,-485,-0.02,8602800
2022-11-01,24245.47,25215.29,24245.47,24875.86,630,0.03,10239400
2022-10-31,23857.55,24051.51,22790.74,23857.55,0,0,7284700
2022-10-28,22887.73,23663.58,22790.74,23663.58,776,0.03,13964730
2022-10-27,20851.11,22160.36,20851.11,22160.36,1309,0.06,9172800
2022-10-26,21045.07,21142.05,20414.69,20754.12,-291,-0.01,7540400
2022-10-25,20657.14,21772.43,19396.38,20657.14,0,0,14063400
2022-10-24,22354.33,22645.27,20657.14,20657.14,-1697,-0.08,38700600
2022-10-21,24100,24100,22208.85,22208.85,-1891,-0.08,10706600
2022-10-20,24342.45,24342.45,23809.05,23857.55,-485,-0.02,6360100
2022-10-19,24536.42,24730.38,23857.55,24439.44,-97,0,4840100
2022-10-18,24827.36,25118.31,24390.95,24536.42,-291,-0.01,5270100
2022-10-17,24730.38,24730.38,23615.09,24342.45,-388,-0.02,9968800
2022-10-14,25700.2,25700.2,24730.38,24924.35,-776,-0.03,6708400
2022-10-13,24051.51,24536.42,23372.64,24536.42,485,0.02,17519700
2022-10-12,23275.65,24633.4,22839.24,24051.51,776,0.03,12282400
2022-10-11,25021.33,25021.33,23275.65,23275.65,-1746,-0.07,30315200
2022-10-10,25021.33,26136.62,24584.91,25021.33,0,0,29109300
2022-10-07,28027.77,28027.77,26427.57,26427.57,-1600,-0.06,28218970
2022-10-06,29579.48,29870.42,28415.69,28415.69,-1164,-0.04,7653700
2022-10-05,30064.39,30112.88,29579.48,29579.48,-485,-0.02,7462100
2022-10-04,29870.42,30064.39,29094.57,29385.51,-485,-0.02,7952200
2022-10-03,31519.11,31616.1,29337.02,29337.02,-2182,-0.07,11035840
2022-09-30,32004.02,32197.99,31228.17,31519.11,-485,-0.02,6372200
2022-09-29,32682.9,32682.9,32004.02,32004.02,-679,-0.02,4120300
2022-09-28,32343.46,32682.9,32197.99,32246.48,-97,0,2069900
2022-09-27,32537.42,32876.86,32197.99,32488.93,-48,0,5051447
2022-09-26,32828.37,32828.37,31955.53,32246.48,-582,-0.02,8257000
2022-09-23,33410.26,33555.73,33022.33,33167.81,-242,-0.01,3701200
2022-09-22,33264.79,33604.23,33070.82,33507.24,242,0.01,3684800
2022-09-21,33943.66,34040.64,33458.75,33458.75,-485,-0.01,9197100
2022-09-20,34477.06,34477.06,33846.68,33992.15,-485,-0.01,2922000
2022-09-19,34913.48,34913.48,33798.19,33992.15,-921,-0.03,17056600
2022-09-16,35301.41,35543.86,34913.48,34913.48,-388,-0.01,2208200
2022-09-15,35883.3,35931.79,35495.37,35495.37,-388,-0.01,1611900
2022-09-14,35398.39,35883.3,35398.39,35689.34,291,0.01,4044400
2022-09-13,36271.23,36465.19,36174.25,36174.25,-97,0,25993753
2022-09-12,36513.68,36659.15,36319.72,36368.21,-145,0,2085901
2022-09-09,36562.17,36562.17,35883.3,36513.68,-48,0,3768100
2022-09-08,36610.66,36756.14,36222.74,36271.23,-339,-0.01,12310200
2022-09-07,37483.5,37531.99,36416.7,36416.7,-1067,-0.03,5925000
2022-09-06,37386.52,37822.94,37386.52,37483.5,97,0,5107700
2022-09-05,37677.46,37725.96,37386.52,37435.01,-242,-0.01,7244600
2022-08-31,37580.48,37968.41,37483.5,37774.45,194,0.01,2431900
2022-08-30,37628.97,37968.41,37580.48,37580.48,-48,0,10711900
2022-08-29,37628.97,37919.92,37338.03,37580.48,-48,0,4550600
2022-08-26,38404.83,38744.27,38307.85,38307.85,-97,0,4379000
2022-08-25,38113.88,38501.81,38113.88,38356.34,242,0.01,4802800
2022-08-24,37628.97,38550.3,37628.97,38065.39,436,0.01,5708200
2022-08-23,37483.5,37628.97,37192.56,37628.97,145,0,4139900
2022-08-22,37677.46,37919.92,37386.52,37531.99,-145,0,6812100
2022-08-19,37871.43,38016.9,37774.45,37822.94,-48,0,2771900
2022-08-18,37919.92,38307.85,37774.45,37919.92,0,0,7892200
2022-08-17,37871.43,38162.37,37822.94,38113.88,242,0.01,5354300
2022-08-16,37871.43,38016.9,37774.45,37822.94,-48,0,7619800
2022-08-15,37822.94,38162.37,37677.46,37919.92,97,0,6026600
2022-08-12,37338.03,37628.97,37095.57,37628.97,291,0.01,3260400
2022-08-11,37919.92,38113.88,37192.56,37338.03,-582,-0.02,8974200
2022-08-10,37677.46,37871.43,37531.99,37628.97,-48,0,4303300
2022-08-09,38210.87,38453.32,37822.94,37968.41,-242,-0.01,4452400
2022-08-08,37338.03,38453.32,37338.03,38016.9,679,0.02,9415400
2022-08-05,37241.05,37628.97,37144.06,37241.05,0,0,3914900
2022-08-04,37095.57,37677.46,37047.08,37241.05,145,0,6650800
2022-08-03,37144.06,37241.05,36707.65,36998.59,-145,0,9144700
2022-08-02,37241.05,37435.01,36901.61,37144.06,-97,0,4609900
2022-08-01,36707.65,37628.97,36465.19,37435.01,727,0.02,7655400
2022-07-29,36368.21,36756.14,36028.77,36756.14,388,0.01,6120300
2022-07-28,35786.32,36368.21,35689.34,36174.25,388,0.01,5604300
2022-07-27,35301.41,35495.37,35301.41,35495.37,194,0.01,12957100
2022-07-26,35689.34,35931.79,35446.88,35495.37,-194,-0.01,5466700
2022-07-25,35737.83,35980.28,35640.85,35689.34,-48,0,3286300
2022-07-22,36174.25,36756.14,35931.79,35980.28,-194,-0.01,4424700
2022-07-21,35495.37,35786.32,35204.43,35737.83,242,0.01,9358700
2022-07-20,35398.39,35495.37,35107.44,35204.43,-194,-0.01,8094800
2022-07-19,35155.94,35204.43,34671.03,35010.46,-145,0,2566900
2022-07-18,35204.43,35737.83,35010.46,35204.43,0,0,4595600
2022-07-15,35010.46,35446.88,35010.46,35010.46,0,0,4417900
2022-07-14,34816.5,35204.43,34768.01,34864.99,48,0,2902000
2022-07-13,35058.95,35689.34,34913.48,35010.46,-48,0,3176800
2022-07-12,34719.52,35010.46,34574.04,35010.46,291,0.01,8186180
2022-07-11,35931.79,36174.25,34428.57,34525.55,-1406,-0.04,10198300
2022-07-08,36804.63,36853.12,36222.74,36416.7,-388,-0.01,4058400
2022-07-07,36319.72,36853.12,35883.3,36659.15,339,0.01,5627400
2022-07-06,36368.21,37241.05,36077.26,36465.19,97,0,8308300
2022-07-05,35495.37,37095.57,35252.92,36610.66,1115,0.03,11498900
2022-07-04,35155.94,35592.35,34961.97,35252.92,97,0,3169000
2022-07-01,34525.55,35155.94,33798.19,34913.48,388,0.01,4042300
2022-06-30,35446.88,35980.28,34477.06,34477.06,-970,-0.03,3849000
2022-06-29,35107.44,36028.77,35107.44,35640.85,533,0.02,5006000
2022-06-28,34428.57,35834.81,34283.1,35592.35,1164,0.03,11464500
2022-06-27,34477.06,34864.99,34428.57,34477.06,0,0,9324300
2022-06-24,34864.99,35010.46,34428.57,34428.57,-436,-0.01,4069100
2022-06-23,33749.7,35301.41,33507.24,34864.99,1115,0.03,8294300
2022-06-22,32731.39,34234.61,32440.44,33749.7,1018,0.03,6508200
2022-06-21,32101.01,32779.88,31810.06,32004.02,-97,0,6800200
2022-06-20,33458.75,34137.63,32004.02,32004.02,-1455,-0.04,15194700
2022-06-17,33992.15,34331.59,32828.37,33458.75,-533,-0.02,6051700
2022-06-16,34816.5,35398.39,34525.55,34961.97,145,0,6101000
2022-06-15,34622.54,35058.95,33992.15,34622.54,0,0,5719100
2022-06-14,34234.61,35204.43,34137.63,34671.03,436,0.01,7850800
2022-06-13,35883.3,36125.75,34864.99,34913.48,-970,-0.03,6841200
2022-06-10,35883.3,37725.96,35834.81,36804.63,921,0.03,10962200
2022-06-09,36125.75,36416.7,35931.79,36271.23,145,0,5836000
2022-06-08,35204.43,36319.72,35058.95,36125.75,921,0.03,6456800
2022-06-07,34913.48,35107.44,33943.66,35107.44,194,0.01,8236800
2022-06-06,35349.9,35689.34,34913.48,34961.97,-388,-0.01,5845100
2022-06-03,35252.92,35737.83,34961.97,35349.9,97,0,3210200
2022-06-02,35786.32,35883.3,34913.48,35301.41,-485,-0.01,3715300
2022-06-01,35883.3,36562.17,35543.86,35737.83,-145,0,18368300
2022-05-31,36319.72,36465.19,36028.77,36028.77,-291,-0.01,5259800
2022-05-30,36853.12,36853.12,36319.72,36610.66,-242,-0.01,4922800
2022-05-27,35786.32,36319.72,35737.83,36319.72,533,0.01,6696600
2022-05-26,35592.35,36125.75,35446.88,35592.35,0,0,7421800
2022-05-25,34768.01,35543.86,34428.57,35398.39,630,0.02,6709700
2022-05-24,33749.7,34186.12,33361.77,34186.12,436,0.01,5466300
2022-05-23,34719.52,35107.44,33798.19,33798.19,-921,-0.03,9233800
2022-05-20,34719.52,35349.9,34283.1,34622.54,-97,0,6953200
2022-05-19,34331.59,35301.41,34137.63,34719.52,388,0.01,6977800
2022-05-18,34622.54,35786.32,34283.1,34961.97,339,0.01,10194300
2022-05-17,31616.1,33798.19,31567.61,33798.19,2182,0.07,14400800
2022-05-16,34040.64,34719.52,31616.1,31616.1,-2425,-0.07,13705600
2022-05-13,35204.43,35689.34,32779.88,32779.88,-2425,-0.07,17610500
2022-05-12,37822.94,37822.94,35204.43,35204.43,-2619,-0.07,10329300
2022-05-11,37822.94,38259.36,37289.54,37822.94,0,0,4631500
2022-05-10,36319.72,37677.46,36319.72,37531.99,1212,0.03,10851300
2022-05-09,39956.54,40150.5,37435.01,37435.01,-2522,-0.06,20242800
2022-05-06,40441.45,41023.34,40247.48,40247.48,-194,0,11237700
2022-05-05,41556.74,41556.74,40150.5,41314.29,-242,-0.01,5588600
2022-05-04,42187.12,42332.6,40732.39,40732.39,-1455,-0.03,9048000
2022-04-29,41023.34,42672.03,40926.36,42672.03,1649,0.04,10260800
2022-04-28,40392.96,41508.25,40392.96,41023.34,630,0.02,4729300
2022-04-27,40247.48,40926.36,39665.59,40344.47,97,0,9135400
2022-04-26,39374.65,40732.39,37677.46,40247.48,873,0.02,12051220
2022-04-25,42866,42962.98,39811.07,39811.07,-3055,-0.07,23835700
2022-04-22,42672.03,43399.4,42235.61,42769.01,97,0,6803300
2022-04-21,41702.21,42672.03,41605.23,42284.1,582,0.01,10019500
2022-04-20,42381.09,42866,41750.7,41750.7,-630,-0.01,9803800
2022-04-19,43641.85,44078.27,42187.12,42381.09,-1261,-0.03,8402900
2022-04-18,44611.67,44854.12,43447.89,43496.38,-1115,-0.03,13600800
2022-04-15,45872.43,45872.43,44223.74,44223.74,-1649,-0.04,19258800
2022-04-14,46599.8,46890.74,45726.96,45872.43,-727,-0.02,10003400
2022-04-13,46939.24,46987.73,46454.33,46551.31,-388,-0.01,7102300
2022-04-12,47230.18,47424.14,46454.33,46551.31,-679,-0.01,11511340
2022-04-08,47909.05,47909.05,47327.16,47375.65,-533,-0.01,7888100
2022-04-07,48393.96,48781.89,47812.07,47812.07,-582,-0.01,8559700
2022-04-06,47424.14,48393.96,47230.18,48393.96,970,0.02,9012200
2022-04-05,47909.05,48006.04,47569.62,47569.62,-339,-0.01,5803000
2022-04-04,48878.87,49072.84,48151.51,48151.51,-727,-0.01,9775600
2022-04-01,48054.53,48878.87,47909.05,48781.89,727,0.02,10034500
2022-03-31,48006.04,48200,47812.07,48054.53,48,0,5855100
2022-03-30,47424.14,48393.96,47424.14,47666.6,242,0.01,5743200
2022-03-29,47424.14,47666.6,47181.69,47424.14,0,0,5766000
2022-03-28,47666.6,47666.6,46890.74,47327.16,-339,-0.01,12369500
2022-03-25,47909.05,47957.55,47666.6,47763.58,-145,0,8113400
2022-03-24,48103.02,48296.98,47812.07,47812.07,-291,-0.01,3544000
2022-03-23,48393.96,48684.91,48103.02,48103.02,-291,-0.01,4073100
2022-03-22,48054.53,48781.89,48006.04,48393.96,339,0.01,7556068
2022-03-21,47763.58,48054.53,47618.11,47957.55,194,0,5496200
2022-03-18,47666.6,47909.05,47618.11,47715.09,48,0,8599700
2022-03-17,47957.55,48006.04,47521.13,47521.13,-436,-0.01,3849200
2022-03-16,47327.16,47957.55,47327.16,47569.62,242,0.01,4542000
2022-03-15,47133.2,47521.13,47036.22,47133.2,0,0,3829700
2022-03-14,47327.16,47424.14,46842.25,47036.22,-291,-0.01,8511200
2022-03-11,47715.09,47715.09,47230.18,47424.14,-291,-0.01,8612600
2022-03-10,48296.98,48296.98,47763.58,47763.58,-533,-0.01,4717100
2022-03-09,47521.13,47860.56,47424.14,47618.11,97,0,12037470
2022-03-08,47521.13,48006.04,47327.16,47521.13,0,0,9356500
2022-03-07,48006.04,48103.02,47618.11,47763.58,-242,-0.01,8802400
2022-03-04,48248.49,48878.87,48006.04,48442.45,194,0,7311700
2022-03-03,48006.04,48393.96,47666.6,48151.51,145,0,8121900
2022-03-02,48587.93,48587.93,47715.09,47715.09,-873,-0.02,18774600
2022-03-01,49169.82,49169.82,48587.93,48781.89,-388,-0.01,7050900
2022-02-28,48975.86,49363.78,48684.91,48878.87,-97,0,7565100
2022-02-25,49460.76,49751.71,48975.86,49169.82,-291,-0.01,6665900
2022-02-24,49945.67,50333.6,48296.98,48975.86,-970,-0.02,16802800
2022-02-23,50139.64,50624.55,49848.69,50139.64,0,0,6773300
2022-02-22,49460.76,50139.64,49072.84,49848.69,388,0.01,10832900
2022-02-21,50042.66,50139.64,49266.8,49945.67,-97,0,12203200
2022-02-18,50139.64,50430.58,49945.67,50042.66,-97,0,6622600
2022-02-17,50042.66,50915.49,50042.66,50624.55,582,0.01,7990000
2022-02-16,50624.55,50624.55,49945.67,50042.66,-582,-0.01,6654400
2022-02-15,50042.66,50527.57,49751.71,50236.62,194,0,12082800
2022-02-14,51594.37,51594.37,49945.67,49945.67,-1649,-0.03,21618340
2022-02-11,51885.31,52176.26,51400.4,52079.28,194,0,7887800
2022-02-10,51982.29,52564.19,51497.38,51982.29,0,0,11434900
2022-02-09,52370.22,53243.06,51982.29,51982.29,-388,-0.01,19640240
2022-02-08,51206.44,52661.17,51206.44,52176.26,970,0.02,17224500
2022-02-07,52079.28,52176.26,51206.44,51206.44,-873,-0.02,10460300
2022-01-28,50333.6,51400.4,50042.66,51206.44,873,0.02,10332900
2022-01-27,50430.58,51109.46,49945.67,50333.6,-97,0,12624000
2022-01-26,50818.51,51691.35,50430.58,50818.51,0,0,15042300
2022-01-25,49654.73,50527.57,49460.76,50333.6,679,0.01,18503300
2022-01-24,48442.45,49848.69,48296.98,48781.89,339,0.01,17345800
2022-01-21,47521.13,49266.8,47424.14,48296.98,776,0.02,11751600
2022-01-20,47181.69,47909.05,47133.2,47375.65,194,0,9349200
2022-01-19,47521.13,47909.05,47327.16,47375.65,-145,0,5181900
2022-01-18,47133.2,47957.55,47036.22,47278.67,145,0,9621200
2022-01-17,48200,48975.86,47133.2,47133.2,-1067,-0.02,11779300
2022-01-14,48490.95,48878.87,48006.04,48248.49,-242,-0.01,5773000
2022-01-13,49363.78,50236.62,48684.91,48975.86,-388,-0.01,14845000
2022-01-12,46987.73,48878.87,46939.24,48878.87,1891,0.04,12094200
2022-01-11,47424.14,47618.11,46939.24,46987.73,-436,-0.01,9822800
2022-01-10,48006.04,48103.02,47181.69,47181.69,-824,-0.02,10426400
2022-01-07,48393.96,48587.93,47909.05,47957.55,-436,-0.01,8125200
2022-01-06,48684.91,48878.87,48103.02,48393.96,-291,-0.01,11308000
2022-01-05,49363.78,49654.73,48781.89,48975.86,-388,-0.01,11182100
2022-01-04,48975.86,49654.73,48781.89,49363.78,388,0.01,12054600
2021-12-31,48006.04,48975.86,47957.55,48490.95,485,0.01,9938400
2021-12-30,47715.09,48248.49,47521.13,47812.07,97,0,6039100
2021-12-29,47666.6,48151.51,47521.13,47618.11,-48,0,7570800
2021-12-28,47763.58,47860.56,47230.18,47666.6,-97,0,9546800
2021-12-27,47909.05,47909.05,47036.22,47375.65,-533,-0.01,8468000
2021-12-24,46017.91,47666.6,46017.91,47424.14,1406,0.03,7900100
2021-12-23,47375.65,47375.65,45872.43,45920.93,-1455,-0.03,14078400
2021-12-22,47812.07,48006.04,46842.25,47424.14,-388,-0.01,13527600
2021-12-21,48006.04,48200,47715.09,47763.58,-242,-0.01,7580700
2021-12-20,48345.47,48490.95,47860.56,48006.04,-339,-0.01,12050780
2021-12-17,48490.95,48587.93,48296.98,48345.47,-145,0,17360200
2021-12-16,48975.86,48975.86,48345.47,48345.47,-630,-0.01,6475600
2021-12-15,48781.89,49266.8,48442.45,48684.91,-97,0,7598500
2021-12-14,48490.95,49266.8,48345.47,48587.93,97,0,9215700
2021-12-13,48781.89,48878.87,48442.45,48490.95,-291,-0.01,8805600
2021-12-10,48975.86,49363.78,48587.93,48684.91,-291,-0.01,8342300
2021-12-09,48490.95,48878.87,48345.47,48878.87,388,0.01,6226600
2021-12-08,48684.91,49266.8,48393.96,48490.95,-194,0,8027300
2021-12-07,48103.02,48781.89,47860.56,48490.95,388,0.01,9692100
2021-12-06,48781.89,49460.76,47181.69,47521.13,-1261,-0.03,23246600
2021-12-03,50430.58,50624.55,48684.91,48684.91,-1746,-0.03,16135500
2021-12-02,50818.51,51012.47,50139.64,50139.64,-679,-0.01,9624600
2021-12-01,50042.66,50818.51,49945.67,50818.51,776,0.02,11715500
2021-11-30,51497.38,51497.38,49945.67,50236.62,-1261,-0.02,25334700
2021-11-29,51400.4,51788.33,50527.57,50721.53,-679,-0.01,28236300
2021-11-26,53437.02,53824.95,52273.24,52370.22,-1067,-0.02,21915600
2021-11-25,54309.86,54309.86,53049.09,53243.06,-1067,-0.02,21282400
2021-11-24,51012.47,54018.91,50721.53,53824.95,2812,0.06,52375300
2021-11-23,51788.33,51885.31,50818.51,51012.47,-776,-0.01,14116400
2021-11-22,50721.53,53146.08,50721.53,51497.38,776,0.02,24314500
2021-11-19,50236.62,51788.33,49654.73,50721.53,485,0.01,31035200
2021-11-18,50430.58,50624.55,49848.69,49945.67,-485,-0.01,12985900
2021-11-17,50430.58,50818.51,50139.64,50624.55,194,0,12223200
2021-11-16,50430.58,51303.42,50042.66,50430.58,0,0,14136700
2021-11-15,51206.44,51400.4,50333.6,50430.58,-776,-0.02,14038700
2021-11-12,49848.69,51109.46,49557.75,50915.49,1067,0.02,12885700
2021-11-11,50139.64,50818.51,49169.82,49945.67,-194,0,22085500
2021-11-10,51012.47,51109.46,50042.66,50139.64,-873,-0.02,20307600
2021-11-09,51400.4,51691.35,50721.53,50721.53,-679,-0.01,21732600
2021-11-08,51206.44,51691.35,50721.53,51012.47,-194,0,21289500
2021-11-05,51885.31,51885.31,51109.46,51400.4,-485,-0.01,13688700
2021-11-04,52079.28,52564.19,51206.44,51691.35,-388,-0.01,18983600
2021-11-03,50721.53,52564.19,50430.58,52079.28,1358,0.03,40718000
2021-11-02,50236.62,50236.62,49945.67,50042.66,-194,0,15468300
2021-11-01,50139.64,50915.49,49945.67,50042.66,-97,0,25418000
2021-10-29,50333.6,50430.58,49751.71,50042.66,-291,-0.01,12774400
2021-10-28,50430.58,50527.57,49945.67,50236.62,-194,0,16359100
2021-10-27,49654.73,50236.62,49363.78,49945.67,291,0.01,22700100
2021-10-26,48878.87,49460.76,48442.45,49460.76,582,0.01,21349800
2021-10-25,50527.57,50527.57,49266.8,49363.78,-1164,-0.02,29749614
2021-10-22,51303.42,51400.4,50624.55,50721.53,-582,-0.01,12256600
2021-10-21,52370.22,52370.22,51303.42,51303.42,-1067,-0.02,15599400
2021-10-20,51206.44,52273.24,50915.49,51594.37,388,0.01,23135300
2021-10-19,51303.42,51400.4,50430.58,51109.46,-194,0,15638300
2021-10-18,51594.37,51982.29,51109.46,51303.42,-291,-0.01,17308000
2021-10-15,51303.42,51303.42,50721.53,51012.47,-291,-0.01,12140400
2021-10-14,50915.49,51400.4,50624.55,50915.49,0,0,20339700
2021-10-13,51400.4,51594.37,50721.53,50818.51,-582,-0.01,15104600
2021-10-12,51788.33,51788.33,51012.47,51400.4,-388,-0.01,14276500
2021-10-11,49460.76,51400.4,49460.76,51400.4,1940,0.04,25370400
2021-10-08,48587.93,49363.78,48490.95,49169.82,582,0.01,8171900
2021-10-07,49072.84,49266.8,48490.95,48490.95,-582,-0.01,5782900
2021-10-06,47957.55,48975.86,47715.09,48781.89,824,0.02,14587810
2021-10-05,47133.2,47715.09,47133.2,47618.11,485,0.01,6202900
2021-10-04,47327.16,47472.64,46842.25,46890.74,-436,-0.01,9510600
2021-10-01,48103.02,48296.98,47424.14,47521.13,-582,-0.01,7167800
2021-09-30,48200,48878.87,48103.02,48103.02,-97,0,5956100
2021-09-29,47715.09,48248.49,47424.14,47909.05,194,0,6221700
2021-09-28,47812.07,48345.47,47327.16,48296.98,485,0.01,6335700
2021-09-27,49169.82,49557.75,48006.04,48006.04,-1164,-0.02,12326300
2021-09-24,49169.82,49945.67,48781.89,49072.84,-97,0,7484700
2021-09-23,49072.84,49751.71,48490.95,48684.91,-388,-0.01,8669900
2021-09-22,49363.78,49363.78,48393.96,48975.86,-388,-0.01,5200100
2021-09-21,48587.93,49363.78,48248.49,48878.87,291,0.01,10058100
2021-09-20,48975.86,50042.66,48587.93,49169.82,194,0,18733100
2021-09-17,47715.09,48393.96,47715.09,48248.49,533,0.01,8274500
2021-09-16,47424.14,47666.6,47133.2,47618.11,194,0,5563500
2021-09-15,46745.27,47327.16,46648.29,46939.24,194,0,5217600
2021-09-14,47472.64,47618.11,47036.22,47036.22,-436,-0.01,6142500
2021-09-13,47666.6,47957.55,47424.14,47472.64,-194,0,7538200
2021-09-10,48296.98,48296.98,47521.13,47812.07,-485,-0.01,9848000
2021-09-09,47036.22,48006.04,47036.22,47812.07,776,0.02,8054400
2021-09-08,48103.02,48151.51,47133.2,47327.16,-776,-0.02,7233564
2021-09-07,47569.62,48878.87,47569.62,48151.51,582,0.01,12231100
2021-09-06,47181.69,47472.64,46454.33,47472.64,291,0.01,13473500
2021-09-01,46745.27,47472.64,46745.27,46842.25,97,0,8530000
2021-08-31,48006.04,48006.04,45581.49,47036.22,-970,-0.02,7813900
2021-08-30,47133.2,47909.05,46648.29,47715.09,582,0.01,14476900
2021-08-27,46357.34,46696.78,45581.49,46599.8,242,0.01,19689500
2021-08-26,47812.07,47860.56,46745.27,46842.25,-970,-0.02,10206900
2021-08-25,47424.14,47715.09,47036.22,47666.6,242,0.01,9528940
2021-08-24,47278.67,47715.09,46939.24,47521.13,242,0.01,16753400
2021-08-23,48781.89,49266.8,47278.67,47278.67,-1503,-0.03,26476900
2021-08-20,51206.44,51400.4,48296.98,48975.86,-2231,-0.04,31951200
2021-08-19,50915.49,51691.35,50527.57,51400.4,485,0.01,19115300
2021-08-18,51400.4,51885.31,50915.49,51206.44,-194,0,20580400
2021-08-17,52661.17,53049.09,51206.44,51691.35,-970,-0.02,17690800
2021-08-16,50721.53,52758.15,50527.57,52370.22,1649,0.03,30599500
2021-08-13,50430.58,50624.55,49557.75,50624.55,194,0,15969300
2021-08-12,50818.51,51400.4,50430.58,50430.58,-388,-0.01,11829000
2021-08-11,50721.53,51885.31,50333.6,50721.53,0,0,21531000
2021-08-10,51400.4,51400.4,50333.6,50721.53,-679,-0.01,12415300
2021-08-09,49945.67,51109.46,49751.71,50915.49,970,0.02,15358100
2021-08-06,50915.49,51594.37,50236.62,50236.62,-679,-0.01,17698600
2021-08-05,50333.6,51109.46,50139.64,50915.49,582,0.01,12521200
2021-08-04,50915.49,51012.47,50236.62,50430.58,-485,-0.01,19227300
2021-08-03,49266.8,50430.58,49266.8,50236.62,970,0.02,22927700
2021-08-02,49460.76,49848.69,49072.84,49266.8,-194,0,14230000
2021-07-30,49169.82,50042.66,48975.86,49557.75,388,0.01,17370500
2021-07-29,48587.93,49266.8,48490.95,49072.84,485,0.01,12800300
2021-07-28,48248.49,48781.89,48006.04,48200,-48,0,7468600
2021-07-27,48490.95,48781.89,48054.53,48248.49,-242,-0.01,14942500
2021-07-26,47521.13,48151.51,47230.18,47521.13,0,0,14789223
2021-07-23,49072.84,49557.75,48006.04,48006.04,-1067,-0.02,20937800
2021-07-22,48587.93,49945.67,48296.98,49557.75,970,0.02,14114600
2021-07-21,49072.84,49848.69,48103.02,48781.89,-291,-0.01,25485700
2021-07-20,46842.25,48103.02,45581.49,48006.04,1164,0.02,24074800
2021-07-19,48490.95,49363.78,46551.31,46551.31,-1940,-0.04,39527900
2021-07-16,51012.47,51303.42,50042.66,50042.66,-970,-0.02,21478340
2021-07-15,49460.76,51594.37,49266.8,50527.57,1067,0.02,22283200
2021-07-14,52079.28,52176.26,49072.84,49460.76,-2619,-0.05,43263700
2021-07-13,52467.2,52661.17,51206.44,52273.24,-194,0,23228400
2021-07-12,53824.95,54794.77,51109.46,51885.31,-1940,-0.04,70040400
2021-07-09,54406.84,56734.41,53921.93,54891.75,485,0.01,39974300
2021-07-08,54115.9,55667.61,53921.93,54891.75,776,0.01,27905000
2021-07-07,53340.04,54891.75,51982.29,54891.75,1552,0.03,39404560
2021-07-06,56055.53,56831.39,52370.22,52370.22,-3685,-0.07,24050850
2021-07-05,53146.08,56346.48,52176.26,56249.5,3103,0.06,50296400
2021-07-02,52564.19,53243.06,51982.29,52661.17,97,0,29492030
2021-07-01,51303.42,51885.31,50527.57,51691.35,388,0.01,19356700
2021-06-30,51788.33,52176.26,51012.47,51109.46,-679,-0.01,11661700
2021-06-29,51982.29,52176.26,51206.44,51885.31,-97,0,16694200
2021-06-28,50915.49,52370.22,50624.55,51982.29,1067,0.02,29084100
2021-06-25,49460.76,50042.66,48878.87,50042.66,582,0.01,10970200
2021-06-24,49751.71,50139.64,49072.84,49363.78,-388,-0.01,10918000
2021-06-23,49363.78,50527.57,49072.84,49557.75,194,0,13124300
2021-06-22,49266.8,49751.71,48781.89,49363.78,97,0,18663000
2021-06-21,48975.86,49460.76,48490.95,48878.87,-97,0,17182700
2021-06-18,49460.76,49848.69,49072.84,49460.76,0,0,15004600
2021-06-17,48006.04,49266.8,48006.04,48684.91,679,0.01,19878660
2021-06-16,49945.67,50624.55,48975.86,49169.82,-776,-0.02,21238900
2021-06-15,51012.47,51594.37,50430.58,50721.53,-291,-0.01,19681700
2021-06-14,51109.46,51691.35,50430.58,51109.46,0,0,17555460
2021-06-11,48975.86,51594.37,48587.93,51012.47,2037,0.04,30420800
2021-06-10,49266.8,49654.73,48490.95,48587.93,-679,-0.01,11048100
2021-06-09,48200,49557.75,47521.13,49266.8,1067,0.02,22397000
2021-06-08,50721.53,51303.42,47521.13,48006.04,-2715,-0.05,30789140
2021-06-07,51400.4,52758.15,49460.76,50818.51,-582,-0.01,21492100
2021-06-04,53146.08,53534,52370.22,52952.11,-194,0,15531600
2021-06-03,51691.35,53437.02,51206.44,53146.08,1455,0.03,26083700
2021-06-02,51303.42,51691.35,50236.62,51206.44,-97,0,25021400
2021-06-01,52467.2,52661.17,51400.4,51497.38,-970,-0.02,12648200
2021-05-31,51594.37,52079.28,50624.55,52079.28,485,0.01,17104600
2021-05-28,50139.64,51691.35,49654.73,51400.4,1261,0.03,20002700
2021-05-27,51594.37,51885.31,49266.8,49848.69,-1746,-0.03,19674600
2021-05-26,50042.66,51400.4,49654.73,51206.44,1164,0.02,21101900
2021-05-25,49654.73,50527.57,49654.73,50042.66,388,0.01,11230300
2021-05-24,49169.82,49654.73,48878.87,49363.78,194,0,15041700
2021-05-21,48490.95,50139.64,48345.47,49266.8,776,0.02,20441700
2021-05-20,49169.82,49266.8,48393.96,48684.91,-485,-0.01,13526300
2021-05-19,46939.24,48684.91,46939.24,48587.93,1649,0.04,17467900
2021-05-18,46260.36,47424.14,46114.89,46890.74,630,0.01,16910000
2021-05-17,47278.67,47618.11,46163.38,46405.84,-873,-0.02,17623600
2021-05-14,47424.14,47472.64,46696.78,47181.69,-242,-0.01,13905300
2021-05-13,47472.64,48345.47,46551.31,46551.31,-921,-0.02,18591100
2021-05-12,45290.54,47763.58,45290.54,47763.58,2473,0.05,23805400
2021-05-11,46648.29,46793.76,45581.49,45581.49,-1067,-0.02,16096700
2021-05-10,45290.54,46939.24,45290.54,46648.29,1358,0.03,21979190
2021-05-07,45387.53,46357.34,44999.6,45629.98,242,0.01,23132500
2021-05-06,43738.83,46017.91,43690.34,45678.47,1940,0.04,27306000
2021-05-05,43059.96,44999.6,43011.47,44563.18,1503,0.03,29442800
2021-05-04,39083.7,42090.14,38889.74,42090.14,3006,0.08,32534800
2021-04-29,38841.25,40489.94,38744.27,39762.58,921,0.02,18001700
2021-04-28,38307.85,39180.68,38307.85,38744.27,436,0.01,6323200
2021-04-27,38259.36,38889.74,38162.37,38307.85,48,0,8135000
2021-04-26,39277.67,39568.61,38259.36,38259.36,-1018,-0.03,21205400
2021-04-23,38550.3,39326.16,37919.92,39277.67,727,0.02,11400700
2021-04-22,39471.63,39859.56,38501.81,38501.81,-970,-0.02,9073800
2021-04-20,40295.98,40635.41,39568.61,39908.05,-388,-0.01,12557500
2021-04-19,39568.61,40441.45,38792.76,40344.47,776,0.02,11254400
2021-04-16,39568.61,39956.54,38404.83,39229.18,-339,-0.01,16870440
2021-04-15,40683.9,40683.9,39665.59,39665.59,-1018,-0.03,16673100
2021-04-14,39859.56,40683.9,39665.59,40538.43,679,0.02,9898300
2021-04-13,41217.3,41217.3,40247.48,40344.47,-873,-0.02,18019100
2021-04-12,40732.39,41023.34,40344.47,40877.87,145,0,22905200
2021-04-09,40441.45,40732.39,40247.48,40344.47,-97,0,8122500
2021-04-08,41120.32,41168.81,40441.45,40683.9,-436,-0.01,7518800
2021-04-07,40732.39,41265.79,40538.43,40926.36,194,0,7805400
2021-04-06,40198.99,41217.3,39859.56,40926.36,727,0.02,15491000
2021-04-05,40441.45,40538.43,39908.05,40247.48,-194,0,13337600
2021-04-02,40344.47,40538.43,39956.54,40005.03,-339,-0.01,8261300
2021-04-01,39277.67,39762.58,39035.21,39762.58,485,0.01,12530800
2021-03-31,38986.72,39714.08,38841.25,39180.68,194,0,11837100
2021-03-30,38501.81,39180.68,38259.36,38841.25,339,0.01,11296300
2021-03-29,38501.81,38550.3,37968.41,38356.34,-145,0,12526000
2021-03-26,37968.41,38453.32,37241.05,38210.87,242,0.01,11523400
2021-03-25,38210.87,38598.79,38016.9,38162.37,-48,0,10440800
2021-03-24,38598.79,39229.18,38113.88,38113.88,-485,-0.01,13812100
2021-03-23,39859.56,40150.5,39180.68,39229.18,-630,-0.02,14697533
2021-03-22,40732.39,40732.39,39908.05,40053.52,-679,-0.02,13842530
2021-03-19,40247.48,40877.87,40247.48,40732.39,485,0.01,8275300
2021-03-18,39956.54,40683.9,39471.63,40683.9,727,0.02,24247500
2021-03-17,38792.76,39180.68,38501.81,39083.7,291,0.01,10962800
2021-03-16,38889.74,38986.72,38113.88,38647.28,-242,-0.01,18009340
2021-03-15,38986.72,39277.67,38695.77,38889.74,-97,0,9723500
2021-03-12,39180.68,39277.67,38550.3,38841.25,-339,-0.01,9957500
2021-03-11,38501.81,39277.67,38259.36,38938.23,436,0.01,17145800
2021-03-10,37822.94,38210.87,37338.03,38113.88,291,0.01,9918200
2021-03-09,37435.01,38113.88,37047.08,37774.45,339,0.01,13395270
2021-03-08,38307.85,38501.81,37338.03,37677.46,-630,-0.02,11232100
2021-03-05,37725.96,38162.37,37144.06,38016.9,291,0.01,13922200
2021-03-04,39180.68,39277.67,37435.01,37871.43,-1309,-0.03,17829200
2021-03-03,39132.19,39277.67,38792.76,39132.19,0,0,9116300
2021-03-02,39471.63,39520.12,38792.76,39083.7,-388,-0.01,10229300
2021-03-01,38501.81,39035.21,38113.88,38986.72,485,0.01,21612200
2021-02-26,37144.06,38162.37,37144.06,38065.39,921,0.02,15797770
2021-02-25,38307.85,38307.85,37338.03,37919.92,-388,-0.01,16715500
2021-02-24,38986.72,38986.72,37725.96,37919.92,-1067,-0.03,15074300
2021-02-23,37628.97,39132.19,37628.97,38598.79,970,0.03,26671700
2021-02-22,37483.5,37677.46,36853.12,37435.01,-48,0,14743600
2021-02-19,37047.08,37919.92,37047.08,37531.99,485,0.01,13851300
2021-02-18,37338.03,38016.9,36853.12,37725.96,388,0.01,16874600
2021-02-17,35786.32,37241.05,35398.39,37241.05,1455,0.04,21154000
2021-02-09,34137.63,35301.41,33652.72,34913.48,776,0.02,16764000
2021-02-08,35204.43,35398.39,32973.84,33943.66,-1261,-0.04,21272800
2021-02-05,34234.61,35204.43,34040.64,35204.43,970,0.03,14960850
2021-02-04,33943.66,34525.55,33555.73,33943.66,0,0,14341400
2021-02-03,33458.75,34428.57,32973.84,33943.66,485,0.01,18238700
2021-02-02,31228.17,33070.82,30985.71,32973.84,1746,0.06,14297400
2021-02-01,31034.21,32488.93,30597.79,31228.17,194,0.01,15279400
2021-01-29,28706.64,32343.46,28706.64,31034.21,2328,0.08,27420900
2021-01-28,30549.3,32004.02,30258.35,30258.35,-291,-0.01,30096540
2021-01-27,33216.3,34186.12,31664.59,32488.93,-727,-0.02,18775400
2021-01-26,34428.57,34719.52,32488.93,33943.66,-485,-0.01,18221400
2021-01-25,34671.03,35252.92,34525.55,34719.52,48,0,15639600
2021-01-22,35349.9,35786.32,34719.52,35204.43,-145,0,14347400
2021-01-21,34186.12,35107.44,33458.75,35107.44,921,0.03,20772200
2021-01-20,33167.81,33701.21,31034.21,33458.75,291,0.01,28175700
2021-01-19,34816.5,35301.41,32682.9,32876.86,-1940,-0.06,23019500
2021-01-18,36077.26,36077.26,34816.5,35107.44,-970,-0.03,13758000
2021-01-15,35204.43,36416.7,35155.94,35737.83,533,0.02,19397210
2021-01-14,34283.1,34719.52,33798.19,34671.03,388,0.01,12205200
2021-01-13,34380.08,34913.48,34040.64,34089.13,-291,-0.01,16982400
2021-01-12,33943.66,34428.57,33458.75,34040.64,97,0,16900260
2021-01-11,34671.03,35155.94,34137.63,34186.12,-485,-0.01,16029500
2021-01-08,33943.66,35155.94,33846.68,34622.54,679,0.02,18919900
2021-01-07,32731.39,33555.73,32391.95,33555.73,824,0.03,18078500
2021-01-06,32197.99,33070.82,31955.53,32197.99,0,0,22676300
2021-01-05,31761.57,32343.46,31567.61,32052.52,291,0.01,17622700
2021-01-04,31034.21,32391.95,30937.22,32004.02,970,0.03,19689920
2020-12-31,29046.08,30791.75,28997.59,30549.3,1503,0.05,16486510
2020-12-30,28900.6,29627.97,28803.62,28997.59,97,0,16629440
2020-12-29,28755.13,28997.59,28609.66,28852.11,97,0,13958770
2020-12-28,28997.59,29385.51,28609.66,28803.62,-194,-0.01,15787300
2020-12-25,27106.44,28706.64,26863.98,28658.15,1552,0.06,18797140
2020-12-24,28027.77,28027.77,26088.13,27106.44,-921,-0.03,26106600
2020-12-23,28318.71,28367.2,27639.84,27833.8,-485,-0.02,22299373
2020-12-22,28270.22,28609.66,28173.24,28318.71,48,0,18842480
2020-12-21,28609.66,28997.59,28221.73,28512.68,-97,0,29002010
2020-12-18,27639.84,28367.2,27639.84,28318.71,679,0.02,24075090
2020-12-17,27154.93,28464.19,27106.44,27494.37,339,0.01,29992380
2020-12-16,25651.71,27106.44,25603.22,27106.44,1455,0.06,31958770
2020-12-15,25312.27,25554.73,25166.8,25360.76,48,0,17498420
2020-12-14,25118.31,25506.24,24924.35,25409.26,291,0.01,26371300
2020-12-11,24536.42,24875.86,24293.96,24875.86,339,0.01,14156670
2020-12-10,25215.29,25215.29,24536.42,24536.42,-679,-0.03,19333060
2020-12-09,24342.45,25118.31,24293.96,24972.84,630,0.03,19715470
2020-12-08,24439.44,24439.44,24148.49,24245.47,-194,-0.01,14341140
2020-12-07,24051.51,24439.44,24051.51,24293.96,242,0.01,13044510
2020-12-04,24100,24245.47,24003.02,24051.51,-48,0,16757860
2020-12-03,24342.45,24730.38,24245.47,24245.47,-97,0,20012250
2020-12-02,23857.55,24536.42,23857.55,24342.45,485,0.02,39835330
2020-12-01,23081.69,23760.56,22936.22,23760.56,679,0.03,22947760
2020-11-30,23227.16,23663.58,22984.71,23372.64,145,0.01,25379230
2020-11-27,22887.73,23178.67,22839.24,22984.71,97,0,17592530
2020-11-26,22936.22,22984.71,22693.76,22887.73,-48,0,13091570
2020-11-25,23227.16,23227.16,22839.24,22887.73,-339,-0.01,14541890
2020-11-24,22984.71,23275.65,22693.76,22936.22,-48,0,22530770
2020-11-23,22693.76,22936.22,22402.82,22887.73,194,0.01,17857230
2020-11-20,22790.74,22790.74,22596.78,22693.76,-97,0,13546080
2020-11-19,22645.27,22887.73,22499.8,22693.76,48,0,16935520
2020-11-18,22596.78,22887.73,22402.82,22645.27,48,0,22760740
2020-11-17,22305.84,22645.27,22160.36,22645.27,339,0.02,17457030
2020-11-16,22693.76,22693.76,22111.87,22208.85,-485,-0.02,25236270
2020-11-13,21723.94,22451.31,21723.94,22305.84,582,0.03,22376970
2020-11-12,21433,21626.96,21336.02,21626.96,194,0.01,10771120
2020-11-11,21529.98,21723.94,21336.02,21336.02,-194,-0.01,14433190
2020-11-10,21820.93,21869.42,21384.51,21433,-388,-0.02,21221910
2020-11-09,21190.54,21529.98,21142.05,21384.51,194,0.01,17624180
2020-11-06,21239.03,21336.02,20851.11,20948.09,-291,-0.01,15368880
2020-11-05,21481.49,21675.45,21142.05,21142.05,-339,-0.02,19766660
2020-11-04,21675.45,21917.91,21481.49,21481.49,-194,-0.01,21927670
2020-11-03,21142.05,21772.43,20996.58,21336.02,194,0.01,27962010
2020-11-02,20948.09,21190.54,20754.12,20754.12,-194,-0.01,22943680
2020-10-30,21433,21578.47,20705.63,20705.63,-727,-0.03,28887760
2020-10-29,21433,22014.89,21142.05,21142.05,-291,-0.01,36149460
2020-10-28,22596.78,22742.25,21723.94,21723.94,-873,-0.04,38933939
2020-10-27,23081.69,23227.16,22596.78,22596.78,-485,-0.02,31195330
2020-10-26,23663.58,24196.98,22645.27,22645.27,-1018,-0.04,24707670
2020-10-23,23372.64,23469.62,23130.18,23275.65,-97,0,28485008
2020-10-22,22984.71,23275.65,22790.74,23227.16,242,0.01,24491990
2020-10-21,23469.62,23663.58,22984.71,23033.2,-436,-0.02,32546070
2020-10-20,22305.84,23421.13,22305.84,23178.67,873,0.04,35777020
2020-10-19,22257.34,22645.27,22160.36,22305.84,48,0,34756140
2020-10-16,22208.85,22596.78,21917.91,21966.4,-242,-0.01,36831390
2020-10-15,22742.25,23081.69,22111.87,22160.36,-582,-0.03,27280050
2020-10-14,20948.09,22160.36,20948.09,22160.36,1212,0.06,74982921
2020-10-13,20608.65,20996.58,20560.16,20754.12,145,0.01,15195200
2020-10-12,21045.07,21190.54,20560.16,20560.16,-485,-0.02,15697730
2020-10-09,20851.11,21287.53,20657.14,20705.63,-145,-0.01,18022890
2020-10-08,21239.03,21336.02,20705.63,20705.63,-533,-0.03,16398900
2020-10-07,21626.96,21675.45,21142.05,21142.05,-485,-0.02,12159210
2020-10-06,22014.89,22063.38,21529.98,21723.94,-291,-0.01,6850730
2020-10-05,21869.42,22063.38,21578.47,21869.42,0,0,6380590
2020-10-02,22208.85,22305.84,21675.45,21869.42,-339,-0.02,4403480
2020-10-01,21966.4,22208.85,21917.91,22111.87,145,0.01,3895900
2020-09-30,21869.42,21917.91,21626.96,21917.91,48,0,2607980
2020-09-29,22208.85,22305.84,21869.42,21869.42,-339,-0.02,9473020
2020-09-28,21675.45,22305.84,21578.47,22160.36,485,0.02,21381240
2020-09-25,21772.43,21820.93,21578.47,21723.94,-48,0,10922520
2020-09-24,21578.47,21772.43,21433,21772.43,194,0.01,10182080
2020-09-23,21675.45,21820.93,21578.47,21626.96,-48,0,6286450
2020-09-22,21529.98,21772.43,21384.51,21675.45,145,0.01,3669840
2020-09-21,21336.02,21626.96,21336.02,21626.96,291,0.01,11605890
2020-09-18,20754.12,21142.05,20705.63,21142.05,388,0.02,19764120
2020-09-17,20754.12,20948.09,20608.65,20657.14,-97,0,8654030
2020-09-16,20705.63,20802.62,20608.65,20754.12,48,0,1844880
2020-09-15,20851.11,20899.6,20705.63,20705.63,-145,-0.01,13751880
2020-09-14,20657.14,20899.6,20657.14,20851.11,194,0.01,6123530
2020-09-11,20608.65,20802.62,20463.18,20657.14,48,0,1261940
2020-09-10,20657.14,20948.09,20657.14,20802.62,145,0.01,1524900
2020-09-09,20463.18,20851.11,20317.71,20560.16,97,0,2762390
2020-09-08,20705.63,20851.11,20414.69,20851.11,145,0.01,7396240
2020-09-07,21190.54,21287.53,20560.16,20560.16,-630,-0.03,12648940
2020-09-04,21045.07,21239.03,21045.07,21190.54,145,0.01,3016910
2020-09-03,21093.56,21433,21045.07,21336.02,242,0.01,3408410
2020-09-01,20657.14,21045.07,20463.18,21045.07,388,0.02,3999350
2020-08-31,20948.09,21142.05,20608.65,20657.14,-291,-0.01,1793790
2020-08-28,20657.14,21190.54,20608.65,20948.09,291,0.01,5154230
2020-08-27,20463.18,20560.16,20366.2,20511.67,48,0,2328490
2020-08-26,20560.16,20657.14,20366.2,20463.18,-97,0,2116830
2020-08-25,20366.2,20754.12,20366.2,20657.14,291,0.01,3775640
2020-08-24,20123.74,20366.2,19881.29,20317.71,194,0.01,2749740
2020-08-21,19493.36,19784.31,19493.36,19735.81,242,0.01,2817550
2020-08-20,19590.34,19638.83,19250.91,19396.38,-194,-0.01,3659990
2020-08-19,19493.36,19638.83,19396.38,19590.34,97,0,1132620
2020-08-18,19493.36,19590.34,19396.38,19444.87,-48,0,7141280
2020-08-17,19153.92,19541.85,19153.92,19493.36,339,0.02,2972740
2020-08-14,19202.41,19590.34,19056.94,19202.41,0,0,2588850
2020-08-13,19153.92,19250.91,19008.45,19202.41,48,0,1684180
2020-08-12,18862.98,19105.43,18862.98,19056.94,194,0.01,1655530
2020-08-11,18959.96,18959.96,18717.51,18862.98,-97,-0.01,1334060
2020-08-10,18717.51,19105.43,18717.51,18814.49,97,0.01,4543670
2020-08-07,18717.51,18766,18475.05,18572.03,-145,-0.01,981290
2020-08-06,18814.49,18911.47,18523.54,18620.52,-194,-0.01,1860660
2020-08-05,18329.58,18862.98,18135.61,18862.98,533,0.03,11182640
2020-08-04,18329.58,18523.54,18184.1,18281.09,-48,0,3746110
2020-08-03,17699.2,18038.63,17602.21,18038.63,339,0.02,1247760
2020-07-31,17650.7,18087.12,17602.21,17602.21,-48,0,6344050
2020-07-30,17650.7,18426.56,16971.83,18038.63,388,0.02,974910
2020-07-29,17747.69,17844.67,16971.83,17602.21,-145,-0.01,1841250
2020-07-28,17650.7,18232.6,17456.74,18184.1,533,0.03,3333870
2020-07-27,18523.54,18620.52,17602.21,17602.21,-921,-0.05,3077650
2020-07-24,19687.32,19687.32,18426.56,18911.47,-776,-0.04,3766240
2020-07-23,19590.34,19687.32,19493.36,19687.32,97,0,861140
2020-07-22,19978.27,19978.27,19638.83,19638.83,-339,-0.02,14007170
2020-07-21,19881.29,19929.78,19687.32,19881.29,0,0,818210
2020-07-20,19881.29,20026.76,19832.8,19881.29,0,0,1164560
2020-07-17,20075.25,20172.23,19929.78,19978.27,-97,0,6041950
2020-07-16,19978.27,20366.2,19784.31,20366.2,388,0.02,1662150
2020-07-15,19687.32,20123.74,19687.32,19978.27,291,0.01,1697190
2020-07-14,19590.34,19687.32,19396.38,19493.36,-97,0,1809120
2020-07-13,20172.23,20172.23,19396.38,19687.32,-485,-0.02,1764919
2020-07-10,20220.72,20317.71,19832.8,19832.8,-388,-0.02,7798740
2020-07-09,19638.83,20317.71,19493.36,20317.71,679,0.03,3310910
2020-07-08,19590.34,19638.83,19493.36,19493.36,-97,0,12571540
2020-07-07,19687.32,19784.31,19590.34,19638.83,-48,0,3274910
2020-07-06,19202.41,19638.83,19202.41,19638.83,436,0.02,1877750
2020-07-03,19153.92,19202.41,18959.96,19202.41,48,0,893390
2020-07-02,19347.89,19347.89,18911.47,19153.92,-194,-0.01,6590010
2020-07-01,18911.47,19299.4,18862.98,19202.41,291,0.02,751460
2020-06-30,19153.92,19299.4,18523.54,18959.96,-194,-0.01,6290510
2020-06-29,19396.38,19493.36,19008.45,19056.94,-339,-0.02,3403500
2020-06-26,19881.29,19881.29,19541.85,19735.81,-145,-0.01,706630
2020-06-25,19590.34,19784.31,19493.36,19590.34,0,0,2460400
2020-06-24,20075.25,20123.74,19784.31,19881.29,-194,-0.01,1554400
2020-06-23,20123.74,20172.23,19978.27,20026.76,-97,0,3191130
2020-06-22,20317.71,20317.71,19881.29,20123.74,-194,-0.01,1221740
2020-06-19,19590.34,19881.29,19590.34,19881.29,291,0.01,12175880
2020-06-18,19687.32,19832.8,19590.34,19590.34,-97,0,12275970
2020-06-17,19978.27,19978.27,19638.83,19687.32,-291,-0.01,1673900
2020-06-16,19881.29,19978.27,19687.32,19978.27,97,0,19150560
2020-06-15,20463.18,20463.18,19444.87,19493.36,-970,-0.05,2367220
2020-06-12,19978.27,20608.65,19881.29,20511.67,533,0.03,3951790
2020-06-11,21239.03,21239.03,20269.22,20269.22,-970,-0.05,10090810
2020-06-10,20705.63,21287.53,20608.65,21190.54,485,0.02,2611700
2020-06-09,21045.07,21142.05,20851.11,20899.6,-145,-0.01,9702620
2020-06-08,20899.6,21239.03,20899.6,21045.07,145,0.01,12857860
2020-06-05,20608.65,20802.62,20463.18,20802.62,194,0.01,4779781
2020-06-04,20754.12,20802.62,20560.16,20560.16,-194,-0.01,2216760
2020-06-03,20511.67,20802.62,20511.67,20705.63,194,0.01,2212340
2020-06-02,20851.11,20851.11,20463.18,20511.67,-339,-0.02,5797750
2020-06-01,20172.23,20657.14,20172.23,20657.14,485,0.02,2688010
2020-05-29,20220.72,20317.71,20075.25,20075.25,-145,-0.01,1647960
2020-05-28,20269.22,20560.16,20172.23,20269.22,0,0,1840720
2020-05-27,20560.16,20754.12,20269.22,20269.22,-291,-0.01,2673490
2020-05-26,20463.18,20657.14,20366.2,20511.67,48,0,2830450
2020-05-25,20463.18,20657.14,20317.71,20414.69,-48,0,2540930
2020-05-22,20948.09,20948.09,20414.69,20414.69,-533,-0.03,3672780
2020-05-21,20414.69,21336.02,20220.72,21336.02,921,0.05,3539410
